-- Script was generated by Devart dbForge Studio for MySQL, Version 6.0.128.0
-- Product home page: http://www.devart.com/dbforge/mysql/studio
-- Script date 20/08/2018 13:45:35
-- Server version: 5.5.5-10.1.32-MariaDB
-- Client version: 4.1

--
-- Definition for database ivan_pelis
--
DROP DATABASE IF EXISTS ivan_pelis;
CREATE DATABASE ivan_pelis
	CHARACTER SET latin1
	COLLATE latin1_swedish_ci;

-- 
-- Disable foreign keys
-- 
/*!40014 SET @OLD_FOREIGN_KEY_CHECKS=@@FOREIGN_KEY_CHECKS, FOREIGN_KEY_CHECKS=0 */;

-- 
-- Set character set the client will use to send SQL statements to the server
--
SET NAMES 'utf8';

-- 
-- Set default database
--
USE ivan_pelis;

--
-- Definition for table artistas
--
CREATE TABLE artistas (
  id_artista INT(11) NOT NULL AUTO_INCREMENT,
  artista VARCHAR(255) DEFAULT NULL,
  nacimiento INT(11) DEFAULT NULL,
  PRIMARY KEY (id_artista)
)
ENGINE = INNODB
AUTO_INCREMENT = 63
AVG_ROW_LENGTH = 277
CHARACTER SET latin1
COLLATE latin1_swedish_ci;

--
-- Definition for table franquicias
--
CREATE TABLE franquicias (
  id_franquicia INT(11) NOT NULL AUTO_INCREMENT,
  franquicia VARCHAR(255) NOT NULL,
  PRIMARY KEY (id_franquicia),
  UNIQUE INDEX franquicia (franquicia)
)
ENGINE = INNODB
AUTO_INCREMENT = 12
AVG_ROW_LENGTH = 1489
CHARACTER SET latin1
COLLATE latin1_swedish_ci;

--
-- Definition for table generos
--
CREATE TABLE generos (
  id_genero INT(11) NOT NULL AUTO_INCREMENT,
  genero VARCHAR(255) NOT NULL,
  PRIMARY KEY (id_genero),
  UNIQUE INDEX id_genero (id_genero)
)
ENGINE = INNODB
AUTO_INCREMENT = 13
AVG_ROW_LENGTH = 1820
CHARACTER SET latin1
COLLATE latin1_swedish_ci;

--
-- Definition for table producciones
--
CREATE TABLE producciones (
  id_produccion INT(11) NOT NULL AUTO_INCREMENT,
  titulo VARCHAR(255) NOT NULL,
  estreno INT(11) NOT NULL,
  pais VARCHAR(255) DEFAULT NULL,
  vose TINYINT(1) DEFAULT NULL,
  vos TINYINT(1) DEFAULT NULL,
  puntuacion FLOAT DEFAULT NULL,
  vista TINYINT(1) DEFAULT NULL,
  PRIMARY KEY (id_produccion),
  INDEX estreno (estreno)
)
ENGINE = INNODB
AUTO_INCREMENT = 12
AVG_ROW_LENGTH = 1489
CHARACTER SET latin1
COLLATE latin1_swedish_ci;

--
-- Definition for table roles
--
CREATE TABLE roles (
  id_rol INT(11) NOT NULL AUTO_INCREMENT,
  rol VARCHAR(255) DEFAULT NULL,
  PRIMARY KEY (id_rol),
  UNIQUE INDEX rol (rol)
)
ENGINE = INNODB
AUTO_INCREMENT = 5
AVG_ROW_LENGTH = 5461
CHARACTER SET latin1
COLLATE latin1_swedish_ci;

--
-- Definition for table participan
--
CREATE TABLE participan (
  id_produccion INT(11) NOT NULL,
  id_artista INT(11) NOT NULL,
  id_rol INT(11) NOT NULL,
  PRIMARY KEY (id_produccion, id_artista, id_rol),
  INDEX id_artista (id_artista),
  INDEX id_rol (id_rol),
  CONSTRAINT participan_ibfk_1 FOREIGN KEY (id_produccion)
    REFERENCES producciones(id_produccion) ON DELETE RESTRICT ON UPDATE RESTRICT,
  CONSTRAINT participan_ibfk_2 FOREIGN KEY (id_artista)
    REFERENCES artistas(id_artista) ON DELETE RESTRICT ON UPDATE RESTRICT,
  CONSTRAINT participan_ibfk_3 FOREIGN KEY (id_rol)
    REFERENCES roles(id_rol) ON DELETE RESTRICT ON UPDATE RESTRICT
)
ENGINE = INNODB
AVG_ROW_LENGTH = 248
CHARACTER SET latin1
COLLATE latin1_swedish_ci;

--
-- Definition for table pertenece
--
CREATE TABLE pertenece (
  id_produccion INT(11) NOT NULL,
  id_franquicia INT(11) NOT NULL,
  PRIMARY KEY (id_produccion, id_franquicia),
  INDEX id_franquicia (id_franquicia),
  CONSTRAINT pertenece_ibfk_1 FOREIGN KEY (id_produccion)
    REFERENCES producciones(id_produccion) ON DELETE RESTRICT ON UPDATE RESTRICT,
  CONSTRAINT pertenece_ibfk_2 FOREIGN KEY (id_franquicia)
    REFERENCES franquicias(id_franquicia) ON DELETE RESTRICT ON UPDATE RESTRICT
)
ENGINE = INNODB
AVG_ROW_LENGTH = 4096
CHARACTER SET latin1
COLLATE latin1_swedish_ci;

--
-- Definition for table proyecta
--
CREATE TABLE proyecta (
  id_produccion INT(11) NOT NULL,
  id_genero INT(11) NOT NULL,
  PRIMARY KEY (id_produccion, id_genero),
  INDEX id_genero (id_genero),
  CONSTRAINT proyecta_ibfk_1 FOREIGN KEY (id_produccion)
    REFERENCES producciones(id_produccion) ON DELETE RESTRICT ON UPDATE RESTRICT,
  CONSTRAINT proyecta_ibfk_2 FOREIGN KEY (id_genero)
    REFERENCES generos(id_genero) ON DELETE RESTRICT ON UPDATE RESTRICT
)
ENGINE = INNODB
AVG_ROW_LENGTH = 655
CHARACTER SET latin1
COLLATE latin1_swedish_ci;

--
-- Definition for table temporadas
--
CREATE TABLE temporadas (
  id_temporada INT(11) NOT NULL AUTO_INCREMENT,
  id_produccion INT(11) DEFAULT NULL,
  temporada INT(11) NOT NULL,
  capitulos INT(11) NOT NULL,
  vistos INT(11) DEFAULT NULL,
  PRIMARY KEY (id_temporada),
  INDEX id_produccion (id_produccion),
  CONSTRAINT temporadas_ibfk_1 FOREIGN KEY (id_produccion)
    REFERENCES producciones(id_produccion) ON DELETE RESTRICT ON UPDATE RESTRICT
)
ENGINE = INNODB
AUTO_INCREMENT = 7
AVG_ROW_LENGTH = 3276
CHARACTER SET latin1
COLLATE latin1_swedish_ci;

-- 
-- Dumping data for table artistas
--
INSERT INTO artistas VALUES
(1, 'Chris Pratt', 1979),
(2, 'Zoe Saldana', 1978),
(3, 'Dave Bautista', 1969),
(4, 'Vin Diesel', 1967),
(5, 'Bradley Cooper', 1975),
(6, 'James Gunn', 1966),
(7, 'James Cameron', 1954),
(8, 'Leonardo DiCaprio', 1974),
(9, 'Kate Winslet', 1975),
(10, 'David Leitch', 1969),
(11, 'Ryan Reynolds', 1976),
(12, 'Josh Brolin', 1968),
(13, 'Chuck Lorre', 1952),
(14, 'Bill Prady', 1960),
(15, 'Johnny Galecki', 1975),
(16, 'Jim Parsons', 1973),
(17, 'Kaley Cuoco', 1985),
(18, 'Simon Helberg', 1980),
(19, 'Kunal Nayyar', 1981),
(20, 'Melissa Rauch', 1980),
(21, 'Mayim Bialik', 1975),
(22, 'Roberto Benigni', 1952),
(23, 'Nicoletta Braschi', 1960),
(24, 'Giorgio Cantarini', 1992),
(25, 'Marisa Paredes', 1946),
(26, 'Sami Raimi', 1959),
(27, 'Tobey Maguire', 1975),
(28, 'Kirsten Dunst', 1982),
(29, 'Willem Dafoe', 1955),
(30, 'James Franco', 1978),
(31, 'Andrew Stanton', 1965),
(32, 'Lee Unkrich', 1967),
(33, 'Albert Brooks', 1947),
(34, 'Ellen DeGeneres', 1958),
(35, 'Alexander Gould', 1994),
(36, 'Brad Garrett', 1960),
(37, 'Allison Janney', 1959),
(38, 'Pete Docter', 1968),
(39, 'Bob Peterson', 1961),
(40, 'Edward Asner', 1929),
(41, 'Christopher Plummer', 1929),
(42, 'Jordan Nagai', 2000),
(43, 'Delroy Lindo', 1952),
(44, 'Ben Burtt', 1948),
(45, 'Elissa Knight', 1975),
(46, 'Jeff Garlin', 1962),
(47, 'Fred Willard', 1939),
(48, 'Sigourney Weaver', 1949),
(49, 'David Benioff', 1970),
(50, 'Peter Dinklage', 1969),
(51, 'Lena Headey', 1973),
(52, 'Emilia Clarke', 1986),
(53, 'Kit Harington', 1986),
(54, 'Sophie Turner', 1996),
(55, 'Maisie Williams', 1997),
(56, 'Nikolaj Coster-Waldau', 1970),
(57, 'Iain Glen', 1961),
(58, 'Alfie Allen', 1986),
(59, 'John Bradley', 1988),
(60, 'Aidan Gillen', 1968),
(61, 'Conleth Hill', 1964),
(62, 'Gwendoline Christie', 1978),
(63, 'Frank Darabont', 1959),
(64, 'Andrew Lincoln', 1973),
(65, 'Norman Reedus', 1969),
(66, 'Melissa McBride', 1965),
(67, 'Lauren Cohan', 1982),
(68, 'Chandler Riggs', 1999),
(69, 'Danai Gurira', 1978),
(70, 'Steven Yeun', 1983),
(71, 'Alanna Masterson', 1988),
(72, 'Sonequa Martin-Green', 1985),
(73, 'Josh McDermitt', 1978),
(74, 'Christian Serratos', 1990),
(75, 'Seth Gilliam', 1968);

-- 
-- Dumping data for table franquicias
--
INSERT INTO franquicias VALUES
(2, 'DC'),
(8, 'El Hobbit'),
(7, 'El Señor de los Anillos'),
(9, 'Fast & Furious'),
(6, 'Harry Potter'),
(10, 'Jurassic Park'),
(1, 'Marvel'),
(11, 'Piratas del Caribe'),
(5, 'Sin franquicia'),
(3, 'Star Trek'),
(4, 'Star Wars');

-- 
-- Dumping data for table generos
--
INSERT INTO generos VALUES
(1, 'Acción'),
(2, 'Animación'),
(3, 'Aventura'),
(4, 'SciFi'),
(5, 'Comedia'),
(6, 'Drama'),
(7, 'Fantasía'),
(8, 'Romance'),
(9, 'Suspense'),
(10, 'Terror'),
(11, 'Bélico'),
(12, 'Histórico');
(13, 'Crímen');

-- 
-- Dumping data for table producciones
--
INSERT INTO producciones VALUES
(1, 'Guardianes de la Galaxia', 2014, 'EEUU', 0, 0, 9, 1),
(2, 'Guardianes de la Galaxia 2', 2017, 'EEUU', 0, 0, 8.5, 1),
(3, 'Titanic', 1997, 'EEUU', 0, 0, 9.5, 1),
(4, 'Deadpool 2', 2018, 'EEUU', 0, 0, NULL, 0),
(5, 'Spider-Man', 2002, 'EEUU', 0, 0, 8.8, 1),
(6, 'The Big Bang Theory', 2007, 'EEUU', 0, 0, 9.5, 0),
(7, 'La Vida es Bella', 1997, 'ITALIA', 0, 0, 9.7, 1),
(8, 'Buscando a Nemo', 2003, 'EEUU', 0, 0, 9.6, 1),
(9, 'Wall-E', 2008, 'EEUU', 0, 0, 9.5, 1),
(10, 'Up', 2009, 'EEUU', 0, 0, 9.2, 1),
(11, 'Juego de Tronos', 2011, 'EEUU, Reino Unido', 0, 0, 9.7, 0),
(12, 'The Walking Dead', 2010, 'EEUU', 0, 0, 9.5, 1),
(13, 'Fear the Walking Dead', 2015, 'EEUU', 0, 0, NULL, 1),
(14, 'Agents of S.H.I.E.L.D.', 2013, 'EEUU', 0, 0, 9, 1),
(15, 'Arrow', 2012, 'EEUU', 0, 0, 9.2, 1),
(16, 'Daredevil', 2015, 'EEUU', 0, 0, NULL, 0),
(17, 'Jessica Jones', 2015, 'EEUU', 0, 0, NULL, 0),
(18, 'The Flash', 2014, 'EEUU', 0, 0, NULL, 0),
(19, 'The Punisher', 2017, 'EEUU', 0, 0, NULL, 0),
(20, 'Legends of Tomorrow', 2016, 'EEUU', 0, 0, NULL, 0),
(21, 'Elementary', 2012, 'EEUU', 0, 0, 8.9, 1),
(22, 'Sherlock', 2010, 'Reino Unido, EEUU', 0, 0, 9.4, 1),
(23, 'Stranger Things', 2016, 'EEUU', 0, 0, NULL, 0),
(24, 'The 100', 2014, 'EEUU', 0, 0, NULL, 0),
(25, 'Vikings', 2013, 'Irlanda, Canada', 0, 0, NULL, 0),
(26, 'El lado bueno de las cosas', 2012, 'EEUU', 0, 0, 8.8, 1),
(27, 'El Señor de los Anillos: La Comunidad del Anillo', 2001, 'Nueva Zelanda, EEUU', 0, 0, 9.7, 1),
(28, 'El Señor de los Anillos: Las dos Torres', 2002, 'EEUU, Nueva Zelanda', 0, 0, 9.6, 1),
(29, 'El Señor de los Anillos: El Retorno del Rey', 2003, 'EEUU, Nueva Zelanda', 0, 0, 9.5, 1),
(30, 'Los Vengadores', 2012, 'EEUU', 0, 0, 9.5, 1);

-- 
-- Dumping data for table roles
--
INSERT INTO roles VALUES
(1, 'Actúa'),
(2, 'Dirige'),
(3, 'Produce'),
(4, 'Escribe');

-- 
-- Dumping data for table participan
--
INSERT INTO participan VALUES
(1, 1, 1),
(1, 2, 1),
(1, 3, 1),
(1, 4, 1),
(1, 5, 1),
(1, 6, 2),
(2, 1, 1),
(2, 2, 1),
(2, 3, 1),
(2, 4, 1),
(2, 5, 1),
(2, 6, 2),
(3, 7, 2),
(3, 8, 1),
(3, 9, 1),
(4, 10, 2),
(4, 11, 1),
(4, 12, 1),
(5, 26, 2),
(5, 27, 1),
(5, 28, 1),
(5, 29, 1),
(5, 30, 1),
(6, 13, 2),
(6, 15, 1),
(6, 16, 1),
(6, 17, 1),
(6, 18, 1),
(6, 19, 1),
(6, 20, 1),
(6, 21, 1),
(7, 22, 1),
(7, 22, 2),
(7, 23, 1),
(7, 24, 1),
(7, 25, 1),
(8, 31, 1),
(8, 31, 2),
(8, 33, 1),
(8, 34, 1),
(8, 35, 1),
(8, 36, 1),
(8, 37, 1),
(8, 39, 1),
(9, 31, 2),
(9, 44, 1),
(9, 45, 1),
(9, 46, 1),
(9, 47, 1),
(9, 48, 1),
(10, 38, 2),
(10, 40, 1),
(10, 41, 1),
(10, 42, 1),
(10, 43, 1),
(11, 49, 4),
(11, 50, 1),
(11, 51, 1),
(11, 52, 1),
(11, 53, 1),
(11, 54, 1),
(11, 55, 1),
(11, 56, 1),
(11, 57, 1),
(11, 58, 1),
(11, 59, 1),
(11, 60, 1),
(11, 61, 1),
(11, 62, 1),
(12, 63, 4),
(12, 64, 1),
(12, 65, 1),
(12, 66, 1),
(12, 67, 1),
(12, 68, 1),
(12, 69, 1),
(12, 70, 1),
(12, 71, 1),
(12, 72, 1),
(12, 73, 1),
(12, 74, 1),
(12, 75, 1);

-- 
-- Dumping data for table pertenece
--
INSERT INTO pertenece VALUES
(1, 1),
(2, 1),
(3, 5),
(4, 1),
(5, 1),
(14, 1),
(15, 1),
(16, 1),
(17, 1),
(18, 1),
(19, 1),
(20, 2),
(27, 7),
(28, 7),
(29, 7),
(30, 1);

-- 
-- Dumping data for table proyecta
--
INSERT INTO proyecta VALUES
(1, 1),
(1, 3),
(1, 4),
(2, 1),
(2, 3),
(2, 4),
(3, 6),
(3, 8),
(4, 1),
(4, 3),
(4, 5),
(5, 1),
(5, 3),
(5, 4),
(6, 5),
(6, 8),
(7, 5),
(7, 6),
(7, 11),
(8, 2),
(9, 2),
(10, 2),
(11, 1),
(11, 3),
(11, 6),
(12, 6),
(12, 10),
(12, 9),
(13, 6),
(13, 10),
(13, 4),
(14, 1),
(14, 3),
(14, 6),
(15, 1),
(15, 3),
(15, 13),
(16, 1),
(16, 13),
(16, 6),
(17, 1),
(17, 13),
(17, 6),
(18, 1),
(18, 3),
(18, 6),
(19, 1),
(19, 3),
(19, 13),
(20, 1),
(20, 3),
(20, 6),
(21, 13),
(21, 6),
(21, 9),
(22, 13),
(22, 6),
(22, 9),
(23, 6),
(23, 7),
(23, 10),
(24, 6),
(24, 9),
(24, 4),
(25, 1),
(25, 3),
(25, 6),
(26, 5),
(26, 6),
(26, 8),
(27, 3),
(27, 6),
(27, 7),
(28, 3),
(28, 6),
(28, 7),
(29, 1),
(29, 3),
(29, 6),
(30, 1),
(30, 3),
(30, 4);

-- 
-- Dumping data for table temporadas
--
INSERT INTO temporadas VALUES
(1, 6, 1, 17, 17),
(2, 6, 2, 23, 23),
(3, 6, 3, 23, 23),
(4, 11, 1, 10, 10),
(5, 11, 2, 10, 10),
(6, 11, 3, 10, 10),
(7, 12, 1, 6, 6),
(8, 12,	2, 13, 13),
(9, 12,	3, 16, 16),
(10, 13, 1, 6, 0),
(11, 14, 1, 22, 22),
(12, 15, 1, 23, 23),
(13, 16, 1, 13, 0),
(14, 17, 1, 13, 0),
(15, 18, 1, 23, 0),
(16, 19, 1, 13, 0),
(17, 20, 1, 13, 0),
(18, 21, 1, 24, 24),
(19, 22, 1, 4, 4),
(20, 23, 1, 8, 0),
(21, 24, 1, 13, 0),
(22, 25, 1, 9, 0);

-- 
-- Enable foreign keys
-- 
/*!40014 SET FOREIGN_KEY_CHECKS=@OLD_FOREIGN_KEY_CHECKS */;